,Adress,Område,Pris,Antal rum,Boarea,Balkong,Uteplats,Våning,Har hiss,Byggår,Förening,Avgift,Driftkostnad,Pris/m2,Prisindex,Storleksindex,Funktionsindex,Totalindex,Länk
32,Skarpnäcks Allé 64 - Accepterat pris,"Skarpnäck, Stockholms kommun",2495000,3.0,80.0,Nej,Nej,"3 av 3, hiss finns",True,,HSB BRF Varmfronten i Stockholm,5521,7200,31188,3599.2,500.0,2000,6099.2,https://www.hemnet.se/bostad/lagenhet-3rum-skarpnack-stockholms-kommun-skarpnacks-alle-64-accepterat-pris-18775495
118,"Vinggatan 32, 3tr","Skarpnäck, Stockholms kommun",1995000,2.0,59.0,Ja,Nej,"3 av 3, hiss finns",True,,BRF Navigatören,3469,-1,33814,2688.8,2550.0,1000,6238.8,"https://www.hemnet.se/bostad/lagenhet-2rum-skarpnack-stockholms-kommun-vinggatan-32,-3tr-19064459"
214,Hallonbergsplan 2,Sundbybergs kommun,2495000,3.5,66.0,Ja,Nej,"1 av 6, hiss finns",True,,BRF Kompassen 1,2398,4500,37803,2974.6,700.0,3000,6674.6,"https://www.hemnet.se/bostad/lagenhet-3,5rum-sundbybergs-kommun-hallonbergsplan-2-19087175"
147,Valkyriavägen 7,"Sundbyberg - Rissne, Sundbybergs kommun",2195000,3.0,77.0,Ja,Nej,"5 av 8, hiss finns",True,,BRF Valkyriavägen,4436,-1,28506,3082.2,650.0,3000,6732.2,https://www.hemnet.se/bostad/lagenhet-3rum-sundbyberg-rissne-sundbybergs-kommun-valkyriavagen-7-19065075
113,Skvadronsbacken 14B,"Rissne, Sundbybergs kommun",2295000,2.0,64.0,Nej,Ja,"1 av 1, hiss finns ej",False,,BRF Skvadronen Ett,3208,-1,35859,2936.6,2300.0,1500,6736.6,https://www.hemnet.se/bostad/lagenhet-2rum-rissne-sundbybergs-kommun-skvadronsbacken-14b-18650776
0,Drachmannsgatan 20,"Bromma - Blackeberg, Stockholms kommun",1990000,2.0,54.0,Ja,Nej,"3 av 3, hiss finns ej",False,,BRF Bohuslänningen 1,3491,-1,36852,2688.2,2800.0,1500,6988.2,https://www.hemnet.se/bostad/lagenhet-2rum-bromma-blackeberg-stockholms-kommun-drachmannsgatan-20-19084916
143,Forskningsringen 84,"Ursvik, Sundbybergs kommun",2495000,2.0,54.0,Ja,Nej,"8 av 8, hiss finns",True,,BRF Vaktstugan,3535,6000,46204,3202.0,2800.0,1000,7002.0,https://www.hemnet.se/bostad/lagenhet-2rum-ursvik-sundbybergs-kommun-forskningsringen-84-19066985
133,Cirkelvägen 12,"Gubbängen, Stockholms kommun",1995000,3.0,61.0,Nej,Ja,"1 av 3, hiss finns ej",False,,BRF Cirkelhöjden,3992,9000,32705,2793.4,1450.0,3000,7243.4,https://www.hemnet.se/bostad/lagenhet-3rum-gubbangen-stockholms-kommun-cirkelvagen-12-19095343
83,"Ladugårdsgatan 6, högst upp!","Sundbyberg - Ursvik, Sundbybergs kommun",1795000,1.5,35.0,Ja,Nej,"5 av 5, hiss finns",True,,BRF Ursvikskulle,2222,-1,51286,2239.4,4250.0,1000,7489.4,"https://www.hemnet.se/bostad/lagenhet-1,5rum-sundbyberg-ursvik-sundbybergs-kommun-ladugardsgatan-6,-hogst-upp-18992277"
43,"Bordsvägen 31, 3 tr","Enskede - Gubbängen, Stockholms kommun",2495000,2.0,54.0,Ja,Nej,3 av 3,False,,BRF Putshyveln 2,3660,6000,46204,3227.0,2800.0,1500,7527.0,"https://www.hemnet.se/bostad/lagenhet-2rum-enskede-gubbangen-stockholms-kommun-bordsvagen-31,-3-tr-18633299"
7,Lindstigen 7,"Bromma Ulvsunda, Stockholms kommun",2195000,2.0,46.5,Ja,Nej,"3 av 3, hiss finns ej",False,,HSB BRF Förmannen i Stockholm,3700,6360,47204,2935.0,3175.0,1500,7610.0,https://www.hemnet.se/bostad/lagenhet-2rum-bromma-ulvsunda-stockholms-kommun-lindstigen-7-19096361
75,Ekovägen 43G - AVGIFTSFRITT 1:A ÅR,"Duvbo, Sundbybergs kommun",2350000,2.0,47.0,Ja,Nej,"1 av 1, hiss finns ej",False,,BRF Drömlyan 2,3400,6000,50000,3030.0,3150.0,1500,7680.0,https://www.hemnet.se/bostad/lagenhet-2rum-duvbo-sundbybergs-kommun-ekovagen-43g-avgiftsfritt-1-a-ar-18947330
233,"Kvarnbacksvägen 99, vån 3 / 3","Riksby, Stockholms kommun",2275000,2.0,41.0,Ja,Nej,"3 av 3, hiss finns ej",False,,BRF Riksby,2396,-1,55488,2754.2,3450.0,1500,7704.2,"https://www.hemnet.se/bostad/lagenhet-2rum-riksby-stockholms-kommun-kvarnbacksvagen-99,-van-3-3-19066648"
6,"Tummelisas gata 3, 3 tr.","Bromma / Annedal, Stockholms kommun",1995000,1.5,36.0,Ja,Nej,"3 av 3, hiss finns",True,,BRF Trollskogen Mariehäll,2784,7000,55417,2551.8,4200.0,1000,7751.8,"https://www.hemnet.se/bostad/lagenhet-1,5rum-bromma-annedal-stockholms-kommun-tummelisas-gata-3,-3-tr,-19047139"
14,Almstigen 4,"Bromma / Ulvsunda, Stockholms kommun",2495000,2.0,49.0,Ja,Nej,"3 av 3, hiss finns ej",False,,HSB BRF Lödaren i Stockholm,3841,8300,50918,3263.2,3050.0,1500,7813.2,https://www.hemnet.se/bostad/lagenhet-2rum-bromma-ulvsunda-stockholms-kommun-almstigen-4-19075636
4,Byggmästarvägen 3,"Bromma-Abrahamsberg, Stockholms kommun",2350000,2.0,42.0,Ja,Nej,"3 av 3, hiss finns ej",False,,BRF Familjeboken 1,2961,-1,55952,2942.2,3400.0,1500,7842.2,https://www.hemnet.se/bostad/lagenhet-2rum-bromma-abrahamsberg-stockholms-kommun-byggmastarvagen-3-19074275
156,Skvadronsbacken 11,"Rissne, Sundbybergs kommun",2495000,2.5,66.0,Ja,Nej,"2 av 4, hiss finns",True,,BRF Skvadronen Ett,3300,-1,37803,3155.0,1700.0,3000,7855.0,"https://www.hemnet.se/bostad/lagenhet-2,5rum-rissne-sundbybergs-kommun-skvadronsbacken-11-18866335"
206,Boplatsvägen 9,"Brotorp/järvastaden, Sundbybergs kommun",2495000,3.0,56.0,Nej,Ja,"1 av 3, hiss finns",True,,BRF Ströva i Sundbyberg,3431,9800,44554,3181.2,1700.0,3000,7881.2,https://www.hemnet.se/bostad/lagenhet-3rum-brotorp-jarvastaden-sundbybergs-kommun-boplatsvagen-9-18933065
144,Lötsjövägen 77,"Hallonbergen, Sundbybergs kommun",2095000,2.0,68.8,Ja,Nej,"4 av 5, hiss finns",True,,BRF Terränglöparen 9,3740,-1,30451,2843.0,2060.0,3000,7903.0,https://www.hemnet.se/bostad/lagenhet-2rum-hallonbergen-sundbybergs-kommun-lotsjovagen-77-19066927
202,"Karlsbodavägen 47, vån 4 av 4","Bromma Mariehäll, Stockholms kommun",2195000,1.5,35.0,Ja,Nej,"4 av 4, hiss finns",True,,BRF Bällstabacken 4,2478,5000,62714,2690.6,4250.0,1000,7940.6,"https://www.hemnet.se/bostad/lagenhet-1,5rum-bromma-mariehall-stockholms-kommun-karlsbodavagen-47,-van-4-av-4-19062501"
19,Pilotgatan 5C,"Skarpnäck, Stockholms kommun",1995000,2.0,71.0,Ja,Nej,"2 av 3, hiss finns",True,,HSB BRF Horisonten i Stockholm,5025,4800,28099,3000.0,1950.0,3000,7950.0,https://www.hemnet.se/bostad/lagenhet-2rum-skarpnack-stockholms-kommun-pilotgatan-5c-18985718
8,"Spannvägen 13, vån 3","Bromma - Åkeslund, Stockholms kommun",2395000,2.0,38.5,Ja,Nej,"3 av 3, hiss finns ej",False,,Riksbyggen BRF Stockholmshus nr 3,2590,3600,62208,2913.0,3575.0,1500,7988.0,"https://www.hemnet.se/bostad/lagenhet-2rum-bromma-akeslund-stockholms-kommun-spannvagen-13,-van-3-19097241"
201,"Lötsjövägen 79, vån 3",Sundbybergs kommun,2195000,2.0,68.8,Ja,Nej,"3 av 5, hiss finns",True,,BRF Terränglöparen 9,3740,4200,31904,2943.0,2060.0,3000,8003.0,"https://www.hemnet.se/bostad/lagenhet-2rum-sundbybergs-kommun-lotsjovagen-79,-van-3-19096565"
23,Bordsvägen 35,"Enskede - Gubbängen, Stockholms kommun",2495000,3.0,52.0,Ja,Nej,1 av 3,False,,BRF Hyvelbänken 2,3053,4000,47981,3105.6,1900.0,3000,8005.6,https://www.hemnet.se/bostad/lagenhet-3rum-enskede-gubbangen-stockholms-kommun-bordsvagen-35-18971097
24,"Vinggatan 16, 2tr","Skarpnäck, Stockholms kommun",1995000,2.0,63.5,Ja,Nej,"2, hiss finns",True,,BRF Navigatören,4010,-1,31417,2797.0,2325.0,3000,8122.0,"https://www.hemnet.se/bostad/lagenhet-2rum-skarpnack-stockholms-kommun-vinggatan-16,-2tr-18965506"
109,Kavaljersbacken 10,"Ör, Sundbybergs kommun",2495000,2.0,67.0,Ja,Nej,"2 av 3, hiss finns ej",False,,BRF Kavaljersbacken,2549,5040,37239,3004.8,2150.0,3000,8154.8,https://www.hemnet.se/bostad/lagenhet-2rum-or-sundbybergs-kommun-kavaljersbacken-10-19039999
230,Spångavägen 56,"Riksby, Stockholms kommun",2095000,1.5,42.0,Ja,Nej,"2 av 2, hiss finns ej",False,,HSB BRF Saxen i Stockholm,3380,-1,49881,2771.0,3900.0,1500,8171.0,"https://www.hemnet.se/bostad/lagenhet-1,5rum-riksby-stockholms-kommun-spangavagen-56-18998776"
91,Mjölnerbacken 23,"Rissne, Sundbybergs kommun",2300000,2.0,63.0,Ja,Nej,"1 av 5, hiss finns",True,,BRF Vikingen 2,2885,-1,36508,2877.0,2350.0,3000,8227.0,https://www.hemnet.se/bostad/lagenhet-2rum-rissne-sundbybergs-kommun-mjolnerbacken-23-19011978
124,Vinggatan 28,"Skarpnäck, Stockholms kommun",1990000,2.0,59.0,Ja,Nej,"1 av 3, hiss finns",True,,BRF Navigatören,3461,4200,33729,2682.2,2550.0,3000,8232.2,https://www.hemnet.se/bostad/lagenhet-2rum-skarpnack-stockholms-kommun-vinggatan-28-19066788
146,Kyrkbacken 9,"Hagalund, Solna kommun",2095000,2.0,64.0,Ja,Nej,"2, hiss finns",True,,BRF Kyrkbacken i Solna,4323,2280,32734,2959.6,2300.0,3000,8259.6,https://www.hemnet.se/bostad/lagenhet-2rum-hagalund-solna-kommun-kyrkbacken-9-19066440
64,Mjölnerbacken 61,"Sundbyberg - Rissne, Sundbybergs kommun",2395000,2.0,63.0,Ja,Nej,"1, hiss finns",True,,BRF Vikingen 6,2998,7596,38016,2994.6,2350.0,3000,8344.6,https://www.hemnet.se/bostad/lagenhet-2rum-sundbyberg-rissne-sundbybergs-kommun-mjolnerbacken-61-18920315
78,"Starrbäcksgatan 26, 4 / 4 tr!","Centrala Sundbyberg, Sundbybergs kommun",1650000,1.5,35.0,Nej,Nej,"4 av 4, hiss finns",True,,BRF Dalen 9,2246,-1,47143,2099.2,4250.0,2000,8349.2,"https://www.hemnet.se/bostad/lagenhet-1,5rum-centrala-sundbyberg-sundbybergs-kommun-starrbacksgatan-26,-4-4-tr-18990798"
179,Elias Lönnrots Väg 15,"Blackeberg, Stockholms kommun",2195000,2.0,59.0,Ja,Nej,"2 av 3, hiss finns ej",False,,BRF Bottnakarlen 1,3058,6540,37203,2806.6,2550.0,3000,8356.6,https://www.hemnet.se/bostad/lagenhet-2rum-blackeberg-stockholms-kommun-elias-lonnrots-vag-15-18792295
71,"Solvallavägen 39A, ACCEPTERAT PRIS","Sundbyberg - Duvbo, Sundbybergs kommun",2160000,1.5,30.9,Ja,Nej,"3 av 3, hiss finns ej",False,,BRF Skytten i Duvbo,1673,-1,69903,2494.6,4455.0,1500,8449.6,"https://www.hemnet.se/bostad/lagenhet-1,5rum-sundbyberg-duvbo-sundbybergs-kommun-solvallavagen-39a,-accepterat-pris-18922182"
2,Stångjärnsvägen 9,"Bromma - Johannesfred, Stockholms kommun",2195000,2.0,46.0,Nej,Nej,"3 av 3, hiss finns ej",False,,BRF Myrmalmen,2782,7128,47717,2751.4,3200.0,2500,8451.4,https://www.hemnet.se/bostad/lagenhet-2rum-bromma-johannesfred-stockholms-kommun-stangjarnsvagen-9-19095321
17,"Horisontvägen 59, Accepterat Pris!","Skarpnäck, Stockholms kommun",2400000,2.0,64.7,Ja,Nej,"1 av 3, hiss finns",True,,HSB BRF Fallskärmen i Stockholm,3967,5400,37094,3193.4,2265.0,3000,8458.4,"https://www.hemnet.se/bostad/lagenhet-2rum-skarpnack-stockholms-kommun-horisontvagen-59,-accepterat-pris-18988315"
225,"Knypplerskevägen 29, HÖGST UPP","Bromma - Åkeshov, Stockholms kommun",1995000,2.0,42.5,Nej,Nej,3 av 3,False,,HSB BRF Dynan i Stockholm,2944,-1,46941,2583.8,3375.0,2500,8458.8,"https://www.hemnet.se/bostad/lagenhet-2rum-bromma-akeshov-stockholms-kommun-knypplerskevagen-29,-hogst-upp-19051935"
44,Finn Malmgrens Väg 3A,"Hammarbyhöjden, Stockholms kommun",2450000,2.0,70.0,Nej,Ja,"0 av 4, hiss finns",True,,BRF Meteorologen nr 3,5099,-1,35000,3469.8,2000.0,3000,8469.8,https://www.hemnet.se/bostad/lagenhet-2rum-hammarbyhojden-stockholms-kommun-finn-malmgrens-vag-3a-18826096
209,"Västra vägen 1C, vån 6","Solna Centrum, Solna kommun",2495000,2.0,62.0,Ja,Nej,"6, hiss finns",True,,BRF Platån 17,3158,-1,40242,3126.6,2400.0,3000,8526.6,"https://www.hemnet.se/bostad/lagenhet-2rum-solna-centrum-solna-kommun-vastra-vagen-1c,-van-6-19097795"
130,Pilotgatan 44,"Skarpnäck, Stockholms kommun",2350000,2.0,61.5,Ja,Nej,"2 av 3, hiss finns",True,,HSB BRF Vingen nr 141 i Stockholm,3918,-1,38211,3133.6,2425.0,3000,8558.6,https://www.hemnet.se/bostad/lagenhet-2rum-skarpnack-stockholms-kommun-pilotgatan-44-18963217
81,Hagalundsgatan 14,"Hagalund, Solna kommun",2395000,1.0,59.0,Ja,Nej,"1 av 13, hiss finns",True,,BRF Hagalunden,3127,-1,40593,3020.4,4550.0,1000,8570.4,https://www.hemnet.se/bostad/lagenhet-1rum-hagalund-solna-kommun-hagalundsgatan-14-18994737
65,Lötsjövägen 67,"Sundbyberg / Hallonbergen, Sundbybergs kommun",2100000,2.0,50.5,Ja,Nej,?,False,,BRF Terränglöparen 9,2745,-1,41584,2649.0,2975.0,3000,8624.0,https://www.hemnet.se/bostad/lagenhet-2rum-sundbyberg-hallonbergen-sundbybergs-kommun-lotsjovagen-67-18430992
117,"Per Lindeströms Väg 92, 3tr","Hammarbyhöjden, Stockholms kommun",2395000,2.0,47.0,Nej,Nej,"3 av 3, hiss finns ej",False,,BRF Polarforskaren 4,2940,3000,50957,2983.0,3150.0,2500,8633.0,"https://www.hemnet.se/bostad/lagenhet-2rum-hammarbyhojden-stockholms-kommun-per-lindestroms-vag-92,-3tr-19064397"
3,Plåtslagarvägen 20,"Abrahamsberg, Stockholms kommun",2495000,2.0,62.0,Nej,Ja,"1 av 8, hiss finns",True,,BRF Brommaplatån,4034,5400,40242,3301.8,2400.0,3000,8701.8,https://www.hemnet.se/bostad/lagenhet-2rum-abrahamsberg-stockholms-kommun-platslagarvagen-20-17383956
116,Gamla Enköpingsvägen 174,"Ursvik, Sundbybergs kommun",2395000,2.0,55.0,Ja,Nej,"3 av 6, hiss finns",True,,Riksbyggen BRF Gläntan i Syd,2813,-1,43545,2957.6,2750.0,3000,8707.6,https://www.hemnet.se/bostad/lagenhet-2rum-ursvik-sundbybergs-kommun-gamla-enkopingsvagen-174-19041556
177,Holbergsgatan 114,"Bromma - Blackeberg, Stockholms kommun",2490000,2.0,59.0,Ja,Nej,"1 av 3, hiss finns ej",False,,HSB BRF Engelsmannen i Stockholm,3355,-1,42203,3161.0,2550.0,3000,8711.0,https://www.hemnet.se/bostad/lagenhet-2rum-bromma-blackeberg-stockholms-kommun-holbergsgatan-114-18685829
227,Holbergsgatan 136,"Bromma - Blackeberg, Stockholms kommun",2490000,2.0,59.0,Ja,Nej,"2 av 3, hiss finns ej",False,,HSB BRF Engelsmannen i Stockholm,3355,-1,42203,3161.0,2550.0,3000,8711.0,https://www.hemnet.se/bostad/lagenhet-2rum-bromma-blackeberg-stockholms-kommun-holbergsgatan-136-19063737
170,Krysshammarvägen 38,"Huvudsta, Solna kommun",2395000,2.0,54.6,Ja,Nej,"2 av 8, hiss finns",True,,BRF Krysshammaren,2848,-1,43864,2964.6,2770.0,3000,8734.6,https://www.hemnet.se/bostad/lagenhet-2rum-huvudsta-solna-kommun-krysshammarvagen-38-19094597
152,Bergshöjden 52,"Hallonbergen, Sundbybergs kommun",1695000,1.5,50.5,Nej,Ja,"-2, hiss finns",True,,BRF Fyrtornet 10,2832,-1,33564,2261.4,3475.0,3000,8736.4,"https://www.hemnet.se/bostad/lagenhet-1,5rum-hallonbergen-sundbybergs-kommun-bergshojden-52-18904645"
190,Holbergsgatan 146 A ACCEPTERAT PRIS,"Bromma / Blackeberg, Stockholms kommun",2500000,2.0,57.0,Nej,Ja,?,False,,,3236,-1,43860,3147.2,2650.0,3000,8797.2,https://www.hemnet.se/bostad/lagenhet-2rum-bromma-blackeberg-stockholms-kommun-holbergsgatan-146-a-accepterat-pris-18522816
178,Knypplerskevägen 5,Stockholms kommun,2195000,2.0,42.0,Nej,Nej,"3 av 3, hiss finns ej",False,,BRF Monogrammet,3553,-1,52262,2905.6,3400.0,2500,8805.6,https://www.hemnet.se/bostad/lagenhet-2rum-stockholms-kommun-knypplerskevagen-5-18957017
217,Kristinelundsvägen 46,"Huvudsta, Solna kommun",2450000,2.0,56.0,Nej,Ja,?,False,,BRF Sidensvansen 1,3352,-1,43750,3120.4,2700.0,3000,8820.4,https://www.hemnet.se/bostad/lagenhet-2rum-huvudsta-solna-kommun-kristinelundsvagen-46-18305607
110,Gamla Enköpingsvägen 178,"Ursvik, Sundbybergs kommun",1995000,2.0,44.0,Ja,Nej,"1 av 5, hiss finns",True,,BRF Ursvikskulle,2629,-1,45341,2520.8,3300.0,3000,8820.8,https://www.hemnet.se/bostad/lagenhet-2rum-ursvik-sundbybergs-kommun-gamla-enkopingsvagen-178-19039959
98,Gamla Enköpingsvägen 152,"Ursvik, Sundbybergs kommun",1995000,2.0,44.5,Ja,Nej,"2 av 4, hiss finns",True,,HSB BRF Fanfaren i Sundbyberg,2841,-1,44831,2563.2,3275.0,3000,8838.2,https://www.hemnet.se/bostad/lagenhet-2rum-ursvik-sundbybergs-kommun-gamla-enkopingsvagen-152-18775596
99,Gamla Enköpingsvägen 152,"Sundbyberg, Sundbybergs kommun",1990000,2.0,44.5,Nej,Ja,"1 av 5, hiss finns",True,,HSB BRF Fanfaren i Sundbyberg,3045,-1,44719,2599.0,3275.0,3000,8874.0,https://www.hemnet.se/bostad/lagenhet-2rum-sundbyberg-sundbybergs-kommun-gamla-enkopingsvagen-152-19023676
176,Forskningsringen 80,"Sundbyberg - Ursvik, Sundbybergs kommun",2395000,2.0,53.5,Ja,Nej,"6, hiss finns",True,,BRF Vaktstugan,3315,-1,44766,3058.0,2825.0,3000,8883.0,https://www.hemnet.se/bostad/lagenhet-2rum-sundbyberg-ursvik-sundbybergs-kommun-forskningsringen-80-19097136
197,"Hagelstavägen 12, HÖGST UPP I HUSET!","Bromma, Stockholms kommun",2495000,2.0,46.0,Nej,Nej,"3 av 3, hiss finns ej",False,,BRF Ardennern 15,3564,-1,54239,3207.8,3200.0,2500,8907.8,"https://www.hemnet.se/bostad/lagenhet-2rum-bromma-stockholms-kommun-hagelstavagen-12,-hogst-upp-i-huset-18995042"
40,"Mäster Simons Väg 6A, Fast pris","Frösunda - Ritorp, Solna kommun",2300000,1.5,41.0,Nej,Nej,"5 av 5, hiss finns",True,,BRF Majgläntan,3525,6000,56098,3005.0,3950.0,2000,8955.0,"https://www.hemnet.se/bostad/lagenhet-1,5rum-frosunda-ritorp-solna-kommun-master-simons-vag-6a,-fast-pris-18878436"
103,Ursviks allé 21,"Ursvik, Sundbybergs kommun",2145000,2.0,45.0,Ja,Nej,"2 av 4, hiss finns",True,,BRF The Tube,2854,4200,47667,2715.8,3250.0,3000,8965.8,https://www.hemnet.se/bostad/lagenhet-2rum-ursvik-sundbybergs-kommun-ursviks-alle-21-17428506
188,Wergelandsgatan 46G,Stockholms kommun,1595000,1.0,32.0,Nej,Ja,"3 av 3, hiss finns",True,,BRF Loftet,2449,5400,49844,2084.8,5900.0,1000,8984.8,https://www.hemnet.se/bostad/lagenhet-1rum-stockholms-kommun-wergelandsgatan-46g-18881276
157,Ankdammsgatan 30,"Skytteholm, Solna kommun",2495000,2.0,49.0,Nej,Ja,?,False,,BRF Nyboda 10,2438,5100,50918,2982.6,3050.0,3000,9032.6,https://www.hemnet.se/bostad/lagenhet-2rum-skytteholm-solna-kommun-ankdammsgatan-30-19068858
53,Oxenstiernas allé 19,"Ursvik, Sundbybergs kommun",1995000,2.0,39.0,Ja,Nej,"3 av 4, hiss finns",True,,BRF Kaffestugan,2569,4000,51154,2508.8,3550.0,3000,9058.8,https://www.hemnet.se/bostad/lagenhet-2rum-ursvik-sundbybergs-kommun-oxenstiernas-alle-19-18956977
89,"Mjölnerbacken 11, ACCEPTERAT PRIS","Sundbyberg, Sundbybergs kommun",1795000,1.5,43.0,Ja,Nej,"-1, hiss finns",True,,BRF Vikingen 2,2076,-1,41744,2210.2,3850.0,3000,9060.2,"https://www.hemnet.se/bostad/lagenhet-1,5rum-sundbyberg-sundbybergs-kommun-mjolnerbacken-11,-accepterat-pris-18961344"
86,Gamla Enköpingsvägen 178,"Ursvik, Sundbybergs kommun",2195000,2.0,44.0,Ja,Nej,"4 av 7, hiss finns",True,,BRF Ursvikskulle,2848,-1,49886,2764.6,3300.0,3000,9064.6,https://www.hemnet.se/bostad/lagenhet-2rum-ursvik-sundbybergs-kommun-gamla-enkopingsvagen-178-18966150
184,Holbergsgatan 90,"Bromma - Blackeberg, Stockholms kommun",2395000,2.0,49.0,Ja,Nej,"2, hiss finns",True,,BRF Engelsmannen 4,3124,3600,48878,3019.8,3050.0,3000,9069.8,https://www.hemnet.se/bostad/lagenhet-2rum-bromma-blackeberg-stockholms-kommun-holbergsgatan-90-18835955
166,Gamla Enköpingsvägen 182,"Sundbyberg - Ursvik, Sundbybergs kommun",2360000,2.0,46.0,Ja,Nej,"1, hiss finns",True,,BRF Ursvikskulle,2719,-1,51304,2903.8,3200.0,3000,9103.8,https://www.hemnet.se/bostad/lagenhet-2rum-sundbyberg-ursvik-sundbybergs-kommun-gamla-enkopingsvagen-182-19094359
229,Spångavägen 11,"Bromma Riksby, Stockholms kommun",2250000,2.0,46.0,Ja,Nej,"2 av 3, hiss finns ej",False,,BRF Stickmaskinen 9,3349,-1,48913,2919.8,3200.0,3000,9119.8,https://www.hemnet.se/bostad/lagenhet-2rum-bromma-riksby-stockholms-kommun-spangavagen-11-19094896
204,Oxenstiernas allé 23,"Ursvik, Sundbybergs kommun",2095000,2.0,39.0,Ja,Nej,"3 av 4, hiss finns",True,,BRF Kaffestugan,2569,4000,53718,2608.8,3550.0,3000,9158.8,https://www.hemnet.se/bostad/lagenhet-2rum-ursvik-sundbybergs-kommun-oxenstiernas-alle-23-19059195
48,Skarpnäcks allé 35E,"Skarpnäck, Stockholms kommun",2300000,2.0,45.0,Nej,Ja,?,False,,HSB BRF Segelflygaren i Stockholm,3208,-1,51111,2941.6,3250.0,3000,9191.6,https://www.hemnet.se/bostad/lagenhet-2rum-skarpnack-stockholms-kommun-skarpnacks-alle-35e-18429276
68,"Mäster Simons Väg 6A, BV","Ritorp, Solna kommun",2200000,2.0,45.5,Nej,Ja,?,False,,BRF Majgläntan,3917,5040,48352,2983.4,3225.0,3000,9208.4,"https://www.hemnet.se/bostad/lagenhet-2rum-ritorp-solna-kommun-master-simons-vag-6a,-bv-18108462"
20,"Finn Malmgrens väg 59, 3tr.","Hammarbyhöjden, Stockholms kommun",2495000,2.0,38.0,Nej,Nej,3 av 3,False,,BRF Ampeln 11,3130,3500,65658,3121.0,3600.0,2500,9221.0,"https://www.hemnet.se/bostad/lagenhet-2rum-hammarbyhojden-stockholms-kommun-finn-malmgrens-vag-59,-3tr,-18992236"
119,Simrishamnsvägen 19,"Björkhagen, Stockholms kommun",1900000,2.0,55.0,Nej,Nej,?,False,,BRF Virvelvinden,2875,-1,34545,2475.0,2750.0,4000,9225.0,https://www.hemnet.se/bostad/lagenhet-2rum-bjorkhagen-stockholms-kommun-simrishamnsvagen-19-19067003
84,Kyrkbacken 16,"Hagalund, Solna kommun",1995000,1.5,48.0,Ja,Nej,"1 av 3, hiss finns",True,,BRF Kyrkbacken i Solna,3349,-1,41563,2664.8,3600.0,3000,9264.8,"https://www.hemnet.se/bostad/lagenhet-1,5rum-hagalund-solna-kommun-kyrkbacken-16-18993095"
208,Norra vägen 2,"Råsunda/Solna, Solna kommun",2495000,2.0,42.3,Ja,Nej,"1 av 4, hiss finns",True,,BRF Sladden 4 och 7,1973,-1,58983,2889.6,3385.0,3000,9274.6,https://www.hemnet.se/bostad/lagenhet-2rum-rasunda-solna-solna-kommun-norra-vagen-2-19096983
141,Gamla Enköpingsvägen 152,"Sundbyberg - Ursvik, Sundbybergs kommun",1895000,1.5,44.0,Ja,Nej,?,False,,HSB BRF Fanfaren i Sundbyberg,2911,-1,43068,2477.2,3800.0,3000,9277.2,"https://www.hemnet.se/bostad/lagenhet-1,5rum-sundbyberg-ursvik-sundbybergs-kommun-gamla-enkopingsvagen-152-19060935"
223,Riksbyvägen 26,"Bromma - Riksby, Stockholms kommun",2350000,2.0,41.0,Ja,Nej,"2 av 3, hiss finns ej",False,,BRF Riksby,2396,6576,57317,2829.2,3450.0,3000,9279.2,https://www.hemnet.se/bostad/lagenhet-2rum-bromma-riksby-stockholms-kommun-riksbyvagen-26-19066960
95,Brogatan 9,"Järvastaden, Sundbybergs kommun",2250000,1.0,39.0,Ja,Nej,"4 av 4, hiss finns",True,,BRF Sprinta i Sundbyberg,2522,3480,57692,2754.4,5550.0,1000,9304.4,https://www.hemnet.se/bostad/lagenhet-1rum-jarvastaden-sundbybergs-kommun-brogatan-9-18575680
93,Fridensborgsvägen 159,"Järvastaden, Solna kommun",2395000,2.0,41.0,Ja,Nej,"3 av 5, hiss finns",True,,BRF Pyrolan i Järvastaden,2445,-1,58415,2884.0,3450.0,3000,9334.0,https://www.hemnet.se/bostad/lagenhet-2rum-jarvastaden-solna-kommun-fridensborgsvagen-159-19016860
210,Gamla Enköpingsvägen 176,"Ursvik, Sundbybergs kommun",1795000,2.0,51.0,Nej,Nej,"1 av 6, hiss finns",True,,BRF Ursvikskulle,2946,4880,35196,2384.2,2950.0,4000,9334.2,https://www.hemnet.se/bostad/lagenhet-2rum-ursvik-sundbybergs-kommun-gamla-enkopingsvagen-176-19095984
140,Marieborgsgatan 2,"Sundbyberg - Ursvik, Sundbybergs kommun",1795000,1.5,36.0,Ja,Nej,"2, hiss finns",True,,BRF Ursvikshöjden,1843,-1,49861,2163.6,4200.0,3000,9363.6,"https://www.hemnet.se/bostad/lagenhet-1,5rum-sundbyberg-ursvik-sundbybergs-kommun-marieborgsgatan-2-19060796"
218,Rissneleden 157,"Sundbyberg, Sundbybergs kommun",1895000,1.5,39.5,Nej,Ja,"1 av 6, hiss finns",True,,BRF Grönkulla,2397,3120,47975,2374.4,4025.0,3000,9399.4,"https://www.hemnet.se/bostad/lagenhet-1,5rum-sundbyberg-sundbybergs-kommun-rissneleden-157-18870056"
61,"Tulegatan 6C , vån 3 / 4","Centrala Sundbyberg, Sundbybergs kommun",2395000,2.0,38.0,Ja,Nej,"3 av 4, hiss finns ej",False,,BRF Sparven 18,2072,-1,63026,2809.4,3600.0,3000,9409.4,"https://www.hemnet.se/bostad/lagenhet-2rum-centrala-sundbyberg-sundbybergs-kommun-tulegatan-6c-,-van-3-4-18649581"
211,Råsundavägen 172,"Råsunda, Solna kommun",2495000,2.0,40.0,Ja,Nej,"4, hiss finns",True,,BRF West Side Solna,2233,840,62375,2941.6,3500.0,3000,9441.6,https://www.hemnet.se/bostad/lagenhet-2rum-rasunda-solna-kommun-rasundavagen-172-19097024
199,Drottningholmsvägen 382,"Bromma - Riksby, Stockholms kommun",1995000,1.5,39.5,Ja,Nej,"1 av 3, hiss finns ej",False,,BRF Brickbandet,2228,3300,50506,2440.6,4025.0,3000,9465.6,"https://www.hemnet.se/bostad/lagenhet-1,5rum-bromma-riksby-stockholms-kommun-drottningholmsvagen-382-18994559"
222,KLINTBACKEN 1 - Solig balkong!,"Mariehäll, Stockholms kommun",2495000,2.0,41.5,Ja,Nej,"2 av 3, hiss finns ej",False,,BRF Minnet nr 13,2903,5700,60120,3075.6,3425.0,3000,9500.6,https://www.hemnet.se/bostad/lagenhet-2rum-mariehall-stockholms-kommun-klintbacken-1-solig-balkong-18941777
123,Forsskålsgatan 14,"Hammarbyhöjden, Stockholms kommun",2495000,2.0,45.0,Nej,Ja,"1 av 5, hiss finns ej",False,,BRF Forsskaolea,3799,4000,55444,3254.8,3250.0,3000,9504.8,https://www.hemnet.se/bostad/lagenhet-2rum-hammarbyhojden-stockholms-kommun-forsskalsgatan-14-18686324
154,"Vegagatan 25, 3tr","Centrala Sundbyberg, Sundbybergs kommun",2395000,2.0,35.0,Ja,Nej,"3 av 6, hiss finns",True,,BRF Stataren 12 i Sundbyberg,2043,-1,68429,2803.6,3750.0,3000,9553.6,"https://www.hemnet.se/bostad/lagenhet-2rum-centrala-sundbyberg-sundbybergs-kommun-vegagatan-25,-3tr-19069137"
134,Johan Printz Väg 8,"Hammarbyhöjden, Stockholms kommun",2495000,2.0,37.0,Ja,Nej,"2 av 3, hiss finns ej",False,,Bladbaggen 6 BRF,2136,4500,67432,2922.2,3650.0,3000,9572.2,https://www.hemnet.se/bostad/lagenhet-2rum-hammarbyhojden-stockholms-kommun-johan-printz-vag-8-19096661
87,"Kapellgatan 20, Högst upp","Västra Skogen, Solna kommun",2395000,1.5,34.2,Nej,Nej,"2 av 2, hiss finns ej",False,,BRF Rasten nr 7,1959,-1,70029,2786.8,4290.0,2500,9576.8,"https://www.hemnet.se/bostad/lagenhet-1,5rum-vastra-skogen-solna-kommun-kapellgatan-20,-hogst-upp-18879156"
149,"S:t Ansgars väg 10A, 5 tr","Råsunda, Solna kommun",2250000,2.0,32.0,Ja,Nej,"5 av 6, hiss finns",True,,BRF Råsundakullen,2189,6600,70313,2687.8,3900.0,3000,9587.8,"https://www.hemnet.se/bostad/lagenhet-2rum-rasunda-solna-kommun-s-t-ansgars-vag-10a,-5-tr-19066735"
226,Holbergsgatan 135,Stockholms kommun,2295000,2.0,59.0,Nej,Nej,?,False,,HSB BRF Spanjoren i Stockholm,4076,-1,38898,3110.2,2550.0,4000,9660.2,https://www.hemnet.se/bostad/lagenhet-2rum-stockholms-kommun-holbergsgatan-135-19069339
73,Solvallavägen 46A,"Duvbo, Sundbybergs kommun",1900000,1.5,30.9,Ja,Nej,"2 av 3, hiss finns ej",False,,BRF Skytten i Duvbo,1673,-1,61489,2234.6,4455.0,3000,9689.6,"https://www.hemnet.se/bostad/lagenhet-1,5rum-duvbo-sundbybergs-kommun-solvallavagen-46a-18936315"
12,Bårdgränd 6,"Åkeshov, Stockholms kommun",1950000,2.0,43.0,Nej,Nej,"2 av 3, hiss finns ej",False,,BRF Knypplerskan 4,2007,7080,45349,2351.4,3350.0,4000,9701.4,https://www.hemnet.se/bostad/lagenhet-2rum-akeshov-stockholms-kommun-bardgrand-6-19094662
172,Björketorpsvägen 11,"Norra Ängby, Stockholms kommun",1995000,2.0,48.0,Nej,Nej,"1 av 5, hiss finns",True,,BRF Långskeppet,3172,6050,41563,2629.4,3100.0,4000,9729.4,https://www.hemnet.se/bostad/lagenhet-2rum-norra-angby-stockholms-kommun-bjorketorpsvagen-11-19016981
112,Vasavägen 26,"Råsunda, Solna kommun",2495000,2.0,35.0,Nej,Ja,1,False,,BRF Kilen 4,2497,-1,71286,2994.4,3750.0,3000,9744.4,https://www.hemnet.se/bostad/lagenhet-2rum-rasunda-solna-kommun-vasavagen-26-19011276
216,Kruthusbacken 80A,"Råsunda, Solna kommun",2150000,1.0,39.0,Ja,Nej,"3 av 3, hiss finns ej",False,,BRF Kruthusbacken 80,2760,-1,55128,2702.0,5550.0,1500,9752.0,https://www.hemnet.se/bostad/lagenhet-1rum-rasunda-solna-kommun-kruthusbacken-80a-19098217
224,Spinnrocksvägen 11,"Bromma - Riksby, Stockholms kommun",1995000,1.0,32.6,Ja,Nej,"3 av 3, hiss finns ej",False,,BRF Spinnrocken,2104,4200,61196,2415.8,5870.0,1500,9785.8,https://www.hemnet.se/bostad/lagenhet-1rum-bromma-riksby-stockholms-kommun-spinnrocksvagen-11-19066906
161,Gamla Enköpingsvägen 152,"Ursvik, Sundbybergs kommun",2395000,2.0,55.0,Nej,Nej,"2 av 5, hiss finns",True,,HSB BRF Fanfaren i Sundbyberg,3395,-1,43545,3074.0,2750.0,4000,9824.0,https://www.hemnet.se/bostad/lagenhet-2rum-ursvik-sundbybergs-kommun-gamla-enkopingsvagen-152-19071015
60,Stallgatan 30,"Ursvik, Sundbybergs kommun",2490000,2.0,57.0,Nej,Nej,?,False,,BRF Hjortronstället,3495,-1,43684,3189.0,2650.0,4000,9839.0,https://www.hemnet.se/bostad/lagenhet-2rum-ursvik-sundbybergs-kommun-stallgatan-30-18776116
207,Sommarvägen 6,"Vireberg - Råsunda, Solna kommun",1895000,2.0,42.0,Nej,Nej,?,False,,BRF Sommaren,2732,-1,45119,2441.4,3400.0,4000,9841.4,https://www.hemnet.se/bostad/lagenhet-2rum-vireberg-rasunda-solna-kommun-sommarvagen-6-19097282
115,Gamla Enköpingsvägen 180,"Ursvik, Sundbybergs kommun",1990000,2.0,44.0,Nej,Nej,?,False,,BRF Ursvikskulle,2767,-1,45227,2543.4,3300.0,4000,9843.4,https://www.hemnet.se/bostad/lagenhet-2rum-ursvik-sundbybergs-kommun-gamla-enkopingsvagen-180-19044795
79,"Skvadronsbacken 11, ACCEPTERAT PRIS",Sundbybergs kommun,2195000,2.0,46.0,Nej,Nej,1 av 2,False,,BRF Skvadronen Ett,2293,-1,47717,2653.6,3200.0,4000,9853.6,"https://www.hemnet.se/bostad/lagenhet-2rum-sundbybergs-kommun-skvadronsbacken-11,-accepterat-pris-18991763"
221,Kvarnbacksvägen 100,"Riksby, Stockholms kommun",1995000,2.0,41.0,Nej,Nej,"2 av 3, hiss finns ej",False,,BRF Riksby,2396,5700,48659,2474.2,3450.0,4000,9924.2,https://www.hemnet.se/bostad/lagenhet-2rum-riksby-stockholms-kommun-kvarnbacksvagen-100-19066627
92,"Boplatsvägen 2, Accepterat pris!","Brotorp/Järvastaden, Sundbybergs kommun",2175000,1.5,34.0,Ja,Nej,"1 av 3, hiss finns",True,,BRF Löparen i Sundbyberg,2289,-1,63971,2632.8,4300.0,3000,9932.8,"https://www.hemnet.se/bostad/lagenhet-1,5rum-brotorp-jarvastaden-sundbybergs-kommun-boplatsvagen-2,-accepterat-pris-19017581"
127,"Knektvägen 17, 5 tr","Enskede - Gubbängen, Stockholms kommun",2495000,2.0,54.0,Nej,Nej,5 av 6,False,,BRF Stockholmshus nr 11,3198,6000,46204,3134.6,2800.0,4000,9934.6,"https://www.hemnet.se/bostad/lagenhet-2rum-enskede-gubbangen-stockholms-kommun-knektvagen-17,-5-tr-19046658"
51,"Bäckaskiftsvägen 17A, Accepterat pris!","Enskede - Stureby, Stockholms kommun",2475000,2.0,27.0,Nej,Ja,"-1 av 3, hiss finns ej",False,,BRF Skogskarlen,1626,5856,91667,2800.2,4150.0,3000,9950.2,"https://www.hemnet.se/bostad/lagenhet-2rum-enskede-stureby-stockholms-kommun-backaskiftsvagen-17a,-accepterat-pris-18932776"
220,Stångjärnsvägen 10,"Bromma - Johannesfred, Stockholms kommun",2195000,2.0,46.0,Nej,Nej,"1 av 3, hiss finns ej",False,,BRF Järnstämpeln 5,2905,13908,47717,2776.0,3200.0,4000,9976.0,https://www.hemnet.se/bostad/lagenhet-2rum-bromma-johannesfred-stockholms-kommun-stangjarnsvagen-10-19022548
131,Kalmgatan 6,"Hammarbyhöjden, Stockholms kommun",2195000,1.0,33.0,Ja,Nej,"3 av 3, hiss finns ej",False,,BRF Biet 3,2180,4000,66515,2631.0,5850.0,1500,9981.0,https://www.hemnet.se/bostad/lagenhet-1rum-hammarbyhojden-stockholms-kommun-kalmgatan-6-19096517
171,Stamgårdsparken 4,"Centrala Sundbyberg (Lilla Alby), Sundbybergs kommun",2295000,1.5,39.0,Ja,Nej,"2 av 3, hiss finns ej",False,,BRF Växthuset 10,3201,-1,58846,2935.2,4050.0,3000,9985.2,"https://www.hemnet.se/bostad/lagenhet-1,5rum-centrala-sundbyberg-lilla-alby-sundbybergs-kommun-stamgardsparken-4-19096896"
167,"Klövervägen 5, 3,5 tr","Råsunda, Solna kommun",2250000,1.5,35.0,Ja,Nej,"3,5, hiss finns ej",False,,BRF Sladden 5 & 6 i Solna,2653,-1,64286,2780.6,4250.0,3000,10030.6,"https://www.hemnet.se/bostad/lagenhet-1,5rum-rasunda-solna-kommun-klovervagen-5,-3,5-tr-19075936"
137,Kubikenborgsvägen 3,"Stureby, Stockholms kommun",2475000,2.0,49.0,Nej,Nej,"2 av 3, hiss finns ej",False,,BRF Barkspaden 2 i Stureby,2614,3450,50510,2997.8,3050.0,4000,10047.8,https://www.hemnet.se/bostad/lagenhet-2rum-stureby-stockholms-kommun-kubikenborgsvagen-3-19066602
205,Rosengatan 3B,"Centrala Sundbyberg, Sundbybergs kommun",2250000,1.0,35.0,Ja,Nej,"3 av 3, hiss finns ej",False,,BRF Posten 11,2825,-1,64286,2815.0,5750.0,1500,10065.0,https://www.hemnet.se/bostad/lagenhet-1rum-centrala-sundbyberg-sundbybergs-kommun-rosengatan-3b-19079515
231,Snörmakarvägen 15,"Åkeshov, Stockholms kommun",1995000,2.0,42.0,Nej,Nej,"1 av 3, hiss finns ej",False,,BRF Väverskan 8,3450,3900,47500,2685.0,3400.0,4000,10085.0,https://www.hemnet.se/bostad/lagenhet-2rum-akeshov-stockholms-kommun-snormakarvagen-15-19072575
196,Ståltrådsvägen 25 - Accepterat pris,"Bromma - Johannesfred, Stockholms kommun",2400000,2.0,46.0,Nej,Nej,"1 av 3, hiss finns ej",False,,BRF Järnheden,2584,4560,52174,2916.8,3200.0,4000,10116.8,https://www.hemnet.se/bostad/lagenhet-2rum-bromma-johannesfred-stockholms-kommun-staltradsvagen-25-accepterat-pris-18993336
104,Uppfartsvägen 4,"Råsunda, Solna kommun",2495000,2.0,47.0,Nej,Nej,"0,5, hiss finns",True,,BRF Kastanjen 7,2513,4800,53085,2997.6,3150.0,4000,10147.6,https://www.hemnet.se/bostad/lagenhet-2rum-rasunda-solna-kommun-uppfartsvagen-4-19039655
102,"Östervägen 14B, Accepterat pris","Gamla Råsunda, Solna kommun",2495000,2.0,47.0,Nej,Nej,"0,5 av 5, hiss finns",True,,BRF Östervägen 14 Solna,2751,-1,53085,3045.2,3150.0,4000,10195.2,"https://www.hemnet.se/bostad/lagenhet-2rum-gamla-rasunda-solna-kommun-ostervagen-14b,-accepterat-pris-18776458"
27,Brevvägen 5,"Enskede - Svedmyra, Stockholms kommun",2475000,2.0,47.0,Nej,Nej,"1 av 3, hiss finns",True,,BRF Brevlådan 3,2863,6300,52660,3047.6,3150.0,4000,10197.6,https://www.hemnet.se/bostad/lagenhet-2rum-enskede-svedmyra-stockholms-kommun-brevvagen-5-18960185
42,Sockenvägen 369,"Gamla Enskede, Stockholms kommun",2250000,2.0,40.0,Nej,Nej,"1 av 3, hiss finns ej",False,,BRF Häradsdomaren 2,2317,6000,56250,2713.4,3500.0,4000,10213.4,https://www.hemnet.se/bostad/lagenhet-2rum-gamla-enskede-stockholms-kommun-sockenvagen-369-18710436
142,Hästhagsgatan 1,"Centrala Sundbyberg, Sundbybergs kommun",2395000,2.0,38.0,Nej,Nej,"1 av 4, hiss finns",True,,BRF Enen 13,1301,7265,63026,2655.2,3600.0,4000,10255.2,https://www.hemnet.se/bostad/lagenhet-2rum-centrala-sundbyberg-sundbybergs-kommun-hasthagsgatan-1-19061155
77,"Klippgatan 24C, 6tr","Centrala Solna, Solna kommun",2295000,1.5,46.0,Nej,Nej,"6 av 8, hiss finns",True,,BRF VIMPELN 24,1413,4500,49891,2577.6,3700.0,4000,10277.6,"https://www.hemnet.se/bostad/lagenhet-1,5rum-centrala-solna-solna-kommun-klippgatan-24c,-6tr-18862377"
159,Tulegatan 58 B,"Centrala Sundbyberg, Sundbybergs kommun",2495000,2.0,46.5,Nej,Nej,"3 av 4, hiss finns ej",False,,HSB BRF Staren i Sundbyberg,3069,7804,53656,3108.8,3175.0,4000,10283.8,https://www.hemnet.se/bostad/lagenhet-2rum-centrala-sundbyberg-sundbybergs-kommun-tulegatan-58-b-19073075
136,Ätravägen 22A,"Bagarmossen, Stockholms kommun",1895000,1.0,32.0,Nej,Nej,"3 av 3, hiss finns",True,,BRF Studion i Bagarmossen,2450,-1,59219,2385.0,5900.0,2000,10285.0,https://www.hemnet.se/bostad/lagenhet-1rum-bagarmossen-stockholms-kommun-atravagen-22a-19099295
114,"Simrishamnsvägen 21, BV","Hammarbyhöjden - Björkhagen, Stockholms kommun",2250000,1.5,49.0,Nej,Nej,?,False,,BRF Virvelvinden,2505,5052,45918,2751.0,3550.0,4000,10301.0,"https://www.hemnet.se/bostad/lagenhet-1,5rum-hammarbyhojden-bjorkhagen-stockholms-kommun-simrishamnsvagen-21,-bv-19061415"
155,"Lövgatan 55, 1 tr","Råsunda, Solna kommun",2395000,2.0,41.0,Nej,Nej,"1 av 7, hiss finns",True,,BRF West Side Solna,2289,5688,58415,2852.8,3450.0,4000,10302.8,"https://www.hemnet.se/bostad/lagenhet-2rum-rasunda-solna-kommun-lovgatan-55,-1-tr-19069215"
88,"Våtmarksvägen 62, 2 tr","Järvastaden, Solna kommun",2500000,2.0,43.0,Nej,Nej,"2 av 5, hiss finns",True,,BRF Backsötan i Järvastaden,2338,5100,58140,2967.6,3350.0,4000,10317.6,"https://www.hemnet.se/bostad/lagenhet-2rum-jarvastaden-solna-kommun-vatmarksvagen-62,-2-tr-18904755"
219,Abrahamsbergsvägen 50,"Abrahamsberg, Stockholms kommun",2450000,2.0,44.0,Nej,Nej,"1 av 3, hiss finns ej",False,,BRF Ryttartorpet 6,2858,-1,55682,3021.6,3300.0,4000,10321.6,https://www.hemnet.se/bostad/lagenhet-2rum-abrahamsberg-stockholms-kommun-abrahamsbergsvagen-50-19066293
174,Björkbacksvägen 42 - Accepterat pris,"Ulvsunda, Stockholms kommun",2350000,2.0,45.0,Nej,Nej,"2 av 3, hiss finns ej",False,,HSB BRF Förmannen i Stockholm,3941,3960,52222,3138.2,3250.0,4000,10388.2,https://www.hemnet.se/bostad/lagenhet-2rum-ulvsunda-stockholms-kommun-bjorkbacksvagen-42-accepterat-pris-19018504
148,Infanterigatan 17,"Västra Skogen, Solna kommun",2195000,1.5,44.5,Nej,Nej,"4, hiss finns",True,,HSB BRF Pampas i Solna,2323,5520,49326,2659.6,3775.0,4000,10434.6,"https://www.hemnet.se/bostad/lagenhet-1,5rum-vastra-skogen-solna-kommun-infanterigatan-17-19039435"
67,Järnvägsgatan 2E,"Solna, Solna kommun",2400000,2.0,37.0,Nej,Nej,?,False,,BRF Vargen,1964,-1,64865,2792.8,3650.0,4000,10442.8,https://www.hemnet.se/bostad/lagenhet-2rum-solna-solna-kommun-jarnvagsgatan-2e-18865855
164,Almstigen 1 - Accepterat pris,"Ulvsunda, Stockholms kommun",2500000,2.0,41.0,Nej,Nej,"1 av 3, hiss finns ej",False,,HSB BRF Lödaren i Stockholm,3064,4200,60976,3112.8,3450.0,4000,10562.8,https://www.hemnet.se/bostad/lagenhet-2rum-ulvsunda-stockholms-kommun-almstigen-1-accepterat-pris-19013155
26,Läckövägen 9,"Hammarbyhöjden, Stockholms kommun",2450000,2.0,38.0,Nej,Nej,"1 av 3, hiss finns ej",False,,BRF Fyren 2,2638,8200,64474,2977.6,3600.0,4000,10577.6,https://www.hemnet.se/bostad/lagenhet-2rum-hammarbyhojden-stockholms-kommun-lackovagen-9-19018538
120,Glasmålarvägen 6,"Enskedalen, Stockholms kommun",2395000,1.5,45.0,Nej,Nej,"3 av 4, hiss finns ej",False,,BRF Konstsmidet nr 1,2588,7000,53222,2912.6,3750.0,4000,10662.6,"https://www.hemnet.se/bostad/lagenhet-1,5rum-enskedalen-stockholms-kommun-glasmalarvagen-6-19017396"
193,Arvid Mörnes väg 40,"Bromma / Blackeberg, Stockholms kommun",1595000,1.0,26.0,Nej,Nej,"3 av 3, hiss finns ej",False,,BRF Araben 1,2266,-1,61346,2048.2,6200.0,2500,10748.2,https://www.hemnet.se/bostad/lagenhet-1rum-bromma-blackeberg-stockholms-kommun-arvid-mornes-vag-40-18740078
33,"Stora gungans väg 11, 2 tr","Enskede - Gamla Enskede, Stockholms kommun",2495000,1.0,41.0,Nej,Nej,"2 av 2, hiss finns ej",False,,BRF Enskede Kvarn,1582,-1,60854,2811.4,5450.0,2500,10761.4,"https://www.hemnet.se/bostad/lagenhet-1rum-enskede-gamla-enskede-stockholms-kommun-stora-gungans-vag-11,-2-tr-19037584"
212,Jonstorpsvägen 16,"Huvudsta, Solna kommun",2095000,1.0,46.0,Ja,Nej,"1 av 5, hiss finns",True,,BRF Vitkålen 1,2361,5100,45543,2567.2,5200.0,3000,10767.2,https://www.hemnet.se/bostad/lagenhet-1rum-huvudsta-solna-kommun-jonstorpsvagen-16-19098978
163,Drottningholmsvägen 362,"Bromma, Stockholms kommun",2295000,1.5,39.0,Nej,Nej,"2 av 3, hiss finns ej",False,,BRF Brickbandet,2272,4800,58846,2749.4,4050.0,4000,10799.4,"https://www.hemnet.se/bostad/lagenhet-1,5rum-bromma-stockholms-kommun-drottningholmsvagen-362-19014896"
58,Södra Långgatan 35,"Gamla Råsunda, Solna kommun",1944000,1.5,27.0,Nej,Nej,?,False,,BRF Flustret 4,1484,-1,72000,2240.8,4650.0,4000,10890.8,"https://www.hemnet.se/bostad/lagenhet-1,5rum-gamla-rasunda-solna-kommun-sodra-langgatan-35-18982475"
100,Albygatan 125,"Centrala Sundbyberg (Lilla Alby), Sundbybergs kommun",2495000,1.5,42.0,Nej,Nej,"2 av 4, hiss finns",True,,HSB BRF Ekbacken i Sundbyberg,2545,540,59405,3004.0,3900.0,4000,10904.0,"https://www.hemnet.se/bostad/lagenhet-1,5rum-centrala-sundbyberg-lilla-alby-sundbybergs-kommun-albygatan-125-19022573"
15,Jönåkersvägen 9,"Svedmyra, Stockholms kommun",1600000,1.0,18.0,Nej,Nej,"3 av 3, hiss finns ej",False,,BRF TALLSTIGEN,1056,3000,88889,1811.2,6600.0,2500,10911.2,https://www.hemnet.se/bostad/lagenhet-1rum-svedmyra-stockholms-kommun-jonakersvagen-9-18895115
192,Norrbyvägen 14,"Bromma / Ulvsunda, Stockholms kommun",1995000,1.5,34.0,Nej,Nej,"1 av 3, hiss finns ej",False,,BRF Filaren 3,3111,3992,58676,2617.2,4300.0,4000,10917.2,"https://www.hemnet.se/bostad/lagenhet-1,5rum-bromma-ulvsunda-stockholms-kommun-norrbyvagen-14-18814337"
16,Ronnebyvägen 34,"Johanneshov, Stockholms kommun",2475000,1.0,41.0,Nej,Nej,"3 av 3, hiss finns ej",False,,BRF Borggården 99,2479,-1,60366,2970.8,5450.0,2500,10920.8,https://www.hemnet.se/bostad/lagenhet-1rum-johanneshov-stockholms-kommun-ronnebyvagen-34-18976316
13,"Holbergsgatan, 126","Blackeberg, Stockholms kommun",1995000,1.0,42.0,Ja,Nej,"1, hiss finns ej",False,,HSB BRF Engelsmannen i Stockholm,2630,8511,47500,2521.0,5400.0,3000,10921.0,"https://www.hemnet.se/bostad/lagenhet-1rum-blackeberg-stockholms-kommun-holbergsgatan,-126-19095296"
128,Paternostervägen 100,"Johanneshov, Stockholms kommun",1995000,1.5,30.0,Nej,Nej,?,False,,BRF Ursholmen,2134,5520,66500,2421.8,4500.0,4000,10921.8,"https://www.hemnet.se/bostad/lagenhet-1,5rum-johanneshov-stockholms-kommun-paternostervagen-100-19094617"
126,Kolbäcksgränd 15,"BAGARMOSSEN, Stockholms kommun",1795000,1.0,26.0,Nej,Nej,"3 av 3, hiss finns ej",False,,Riksbyggen BRF Friheten,2189,-1,69038,2232.8,6200.0,2500,10932.8,https://www.hemnet.se/bostad/lagenhet-1rum-bagarmossen-stockholms-kommun-kolbacksgrand-15-18931596
200,"Uppfartsvägen 4, 5tr","Gamla Råsunda, Solna kommun",1995000,1.0,38.0,Ja,Nej,"5, hiss finns",True,,BRF Kastanjen 7,1779,-1,52500,2350.8,5600.0,3000,10950.8,"https://www.hemnet.se/bostad/lagenhet-1rum-gamla-rasunda-solna-kommun-uppfartsvagen-4,-5tr-19097276"
108,Tulegatan 72,"Centrala Sundbyberg, Sundbybergs kommun",1995000,1.5,26.0,Nej,Nej,"2, hiss finns ej",False,,BRF Tulehus,1892,-1,76731,2373.4,4700.0,4000,11073.4,"https://www.hemnet.se/bostad/lagenhet-1,5rum-centrala-sundbyberg-sundbybergs-kommun-tulegatan-72-19040337"
47,"Skönviksvägen 286, 1,5:a 3tr","Stureby, Stockholms kommun",2250000,1.5,32.0,Nej,Nej,"3 av 4, hiss finns",True,,BRF Aspvirket 6,2212,6600,70313,2692.4,4400.0,4000,11092.4,"https://www.hemnet.se/bostad/lagenhet-1,5rum-stureby-stockholms-kommun-skonviksvagen-286,-1,5-a-3tr-18695976"
145,"Jungfrudansen 15, 2 tr","Huvudsta, Solna kommun",2195000,1.0,41.0,Ja,Nej,"2 av 3, hiss finns",True,,BRF Jungfrudansen 1,2372,-1,53537,2669.4,5450.0,3000,11119.4,"https://www.hemnet.se/bostad/lagenhet-1rum-huvudsta-solna-kommun-jungfrudansen-15,-2-tr-19067462"
101,Jungfrudansen 13,"Huvudsta, Solna kommun",2195000,1.0,41.0,Ja,Nej,?,False,,BRF Jungfrudansen 1,2372,-1,53537,2669.4,5450.0,3000,11119.4,https://www.hemnet.se/bostad/lagenhet-1rum-huvudsta-solna-kommun-jungfrudansen-13-19022258
85,"Gamla enköpingsvägen 152, accepterat pris","Sundbyberg - Ursvik, Sundbybergs kommun",1910000,1.0,34.5,Ja,Nej,"3, hiss finns",True,,HSB BRF Fanfaren i Sundbyberg,2410,-1,55362,2392.0,5775.0,3000,11167.0,"https://www.hemnet.se/bostad/lagenhet-1rum-sundbyberg-ursvik-sundbybergs-kommun-gamla-enkopingsvagen-152,-accepterat-pris-18991856"
189,Elias Lönnrots väg 5c ACCEPTERAT PRIS,"Bromma / Blackeberg, Stockholms kommun",1400000,1.0,21.3,Nej,Ja,?,False,,,1846,-1,65728,1769.2,6435.0,3000,11204.2,https://www.hemnet.se/bostad/lagenhet-1rum-bromma-blackeberg-stockholms-kommun-elias-lonnrots-vag-5c-accepterat-pris-18735315
1,"Alpvägen 27, 3tr","Bromma/Mariehäll, Stockholms kommun",2195000,1.0,39.0,Ja,Nej,"3 av 5, hiss finns",True,,BRF Travkusken,2303,5400,56282,2655.6,5550.0,3000,11205.6,"https://www.hemnet.se/bostad/lagenhet-1rum-bromma-mariehall-stockholms-kommun-alpvagen-27,-3tr-19073058"
21,"Voxnegränd 15, vån 2","Bagarmossen, Stockholms kommun",1995000,1.0,38.0,Ja,Nej,"2 av 3, hiss finns ej",False,,BRF Voxnan,3166,6000,52500,2628.2,5600.0,3000,11228.2,"https://www.hemnet.se/bostad/lagenhet-1rum-bagarmossen-stockholms-kommun-voxnegrand-15,-van-2-18993397"
187,Ståltrådsvägen 40,"Johannesfred, Stockholms kommun",1850000,1.0,29.5,Ja,Nej,"2 av 3, hiss finns ej",False,,BRF Järnheden,1867,4800,62712,2223.4,6025.0,3000,11248.4,https://www.hemnet.se/bostad/lagenhet-1rum-johannesfred-stockholms-kommun-staltradsvagen-40-18922597
30,Vikstensvägen 46 Accepterat pris !,"Kärrtorp, Stockholms kommun",2100000,1.0,23.0,Nej,Nej,"3 av 3, hiss finns ej",False,,BRF Gåsviken 1,1525,-1,91304,2405.0,6350.0,2500,11255.0,https://www.hemnet.se/bostad/lagenhet-1rum-karrtorp-stockholms-kommun-vikstensvagen-46-accepterat-pris-19021576
181,Wergelandsgatan 46G - Accepterat pris,"Blackeberg, Stockholms kommun",1895000,1.0,32.0,Nej,Ja,"1 av 4, hiss finns",True,,BRF Loftet,2449,4900,59219,2384.8,5900.0,3000,11284.8,https://www.hemnet.se/bostad/lagenhet-1rum-blackeberg-stockholms-kommun-wergelandsgatan-46g-accepterat-pris-18685832
158,Frögatan 4,"Frösunda, Solna kommun",2495000,1.0,45.5,Ja,Nej,"2 av 6, hiss finns",True,,BRF KULLEN i Solna,2871,-1,54835,3069.2,5225.0,3000,11294.2,https://www.hemnet.se/bostad/lagenhet-1rum-frosunda-solna-kommun-frogatan-4-18616440
62,"Mariagatan 11, 3tr","Centrala Sundbyberg, Sundbybergs kommun",2495000,1.0,43.0,Ja,Nej,"3 av 4, hiss finns",True,,BRF Stenbrottet 5,2249,450,58023,2944.8,5350.0,3000,11294.8,"https://www.hemnet.se/bostad/lagenhet-1rum-centrala-sundbyberg-sundbybergs-kommun-mariagatan-11,-3tr-18855782"
232,"Annedalsvägen 51, 3 tr","Annedal, Stockholms kommun",2395000,1.0,41.0,Ja,Nej,"3, hiss finns",True,,BRF Annedalsterrassen 1,2287,3600,58415,2852.4,5450.0,3000,11302.4,"https://www.hemnet.se/bostad/lagenhet-1rum-annedal-stockholms-kommun-annedalsvagen-51,-3-tr-19066562"
203,Fogdevreten 4,Solna kommun,2095000,1.0,34.0,Ja,Nej,"2 av 4, hiss finns",True,,BRF Tomteboda 1 i Solna,2150,-1,61618,2525.0,5800.0,3000,11325.0,https://www.hemnet.se/bostad/lagenhet-1rum-solna-kommun-fogdevreten-4-18904122
213,Jungfrudansen 6,"Huvudsta, Solna kommun",2250000,1.0,36.0,Ja,Nej,?,False,,"BRF Dillen 2, Solna",1875,-1,62500,2625.0,5700.0,3000,11325.0,https://www.hemnet.se/bostad/lagenhet-1rum-huvudsta-solna-kommun-jungfrudansen-6-19098798
31,Axvallsvägen 49B,"Björkhagen, Stockholms kommun",1950000,1.0,27.0,Nej,Ja,?,False,,BRF Snöstormen 1,1301,-1,72222,2210.2,6150.0,3000,11360.2,https://www.hemnet.se/bostad/lagenhet-1rum-bjorkhagen-stockholms-kommun-axvallsvagen-49b-19039614
96,Kapellgatan 18  /  Ingentingsgatan 14,"Västra Skogen, Solna kommun",2250000,1.0,36.0,Nej,Ja,?,False,,BRF Rasten nr 7,2062,-1,62500,2662.4,5700.0,3000,11362.4,https://www.hemnet.se/bostad/lagenhet-1rum-vastra-skogen-solna-kommun-kapellgatan-18-ingentingsgatan-14-18739141
183,Björnsonsgatan 142 - Accepterat pris!,"Bromma - Blackeberg, Stockholms kommun",2100000,1.0,31.0,Ja,Nej,"2,5 av 9, hiss finns",True,,BRF Norrmannen,1632,-1,67742,2426.4,5950.0,3000,11376.4,https://www.hemnet.se/bostad/lagenhet-1rum-bromma-blackeberg-stockholms-kommun-bjornsonsgatan-142-accepterat-pris-18571596
46,Ätravägen 22 A,"Bagarmossen/Kärrtorp, Stockholms kommun",1995000,1.0,32.0,Nej,Ja,"1 av 3, hiss finns",True,,BRF Studion i Bagarmossen,2450,-1,62344,2485.0,5900.0,3000,11385.0,https://www.hemnet.se/bostad/lagenhet-1rum-bagarmossen-karrtorp-stockholms-kommun-atravagen-22-a-18931716
35,"Kärrtorpsvägen 34, 5 tr",Stockholms kommun,1850000,1.0,26.0,Ja,Nej,"5 av 11, hiss finns",True,,BRF Landsort 2 Kärrtorp,1696,3960,71154,2189.2,6200.0,3000,11389.2,"https://www.hemnet.se/bostad/lagenhet-1rum-stockholms-kommun-karrtorpsvagen-34,-5-tr-19061656"
36,Kalmgatan 13A,"Hammarbyhöjden, Stockholms kommun",2100000,1.0,35.0,Ja,Nej,"1 av 3, hiss finns ej",False,,BRF Kalmgatan 9-13,2744,7300,60000,2648.8,5750.0,3000,11398.8,https://www.hemnet.se/bostad/lagenhet-1rum-hammarbyhojden-stockholms-kommun-kalmgatan-13a-19038603
11,Rörläggarvägen 15,"Abrahamsberg, Stockholms kommun",1795000,1.0,22.0,Nej,Ja,?,False,,BRF Katekesen 3,1275,4800,81591,2050.0,6400.0,3000,11450.0,https://www.hemnet.se/bostad/lagenhet-1rum-abrahamsberg-stockholms-kommun-rorlaggarvagen-15-19094399
185,"Styresman Sanders väg 19, Accepterat pris","Bromma / Beckomberga, Stockholms kommun",2450000,1.0,39.5,Nej,Ja,?,False,,Riksbyggen BRF Trädgården i Beckomberga,2459,5469,62025,2941.8,5525.0,3000,11466.8,"https://www.hemnet.se/bostad/lagenhet-1rum-bromma-beckomberga-stockholms-kommun-styresman-sanders-vag-19,-accepterat-pris-18650311"
25,Strahlenbergsgatan 20,"Hammarbyhöjden, Stockholms kommun",1995000,1.0,35.0,Ja,Nej,"2 av 3, hiss finns ej",False,,BRF Majbaggen i Hammarbyhöjden,3683,3600,57000,2731.6,5750.0,3000,11481.6,https://www.hemnet.se/bostad/lagenhet-1rum-hammarbyhojden-stockholms-kommun-strahlenbergsgatan-20-18978955
76,Vattugatan 7,"Sundbyberg/Duvbo, Sundbybergs kommun",2250000,1.0,32.5,Ja,Nej,"1 av 5, hiss finns",True,,HSB BRF Kassören i Sundbyberg,1869,3500,69231,2623.8,5875.0,3000,11498.8,https://www.hemnet.se/bostad/lagenhet-1rum-sundbyberg-duvbo-sundbybergs-kommun-vattugatan-7-18489983
173,Snörmakarvägen 35 D,"Brommaplan / Åkeshov, Stockholms kommun",1895000,1.0,24.0,Nej,Ja,?,False,,BRF Skräddaren,1613,3000,78958,2217.6,6300.0,3000,11517.6,https://www.hemnet.se/bostad/lagenhet-1rum-brommaplan-akeshov-stockholms-kommun-snormakarvagen-35-d-19018984
182,"Follingbogatan 22, **Accepterat pris**","Beckomberga, Stockholms kommun",1650000,1.0,23.0,Ja,Nej,"2 av 4, hiss finns",True,,Riksbyggen BRF Klockhuset i Beckomberga,2611,1750,71739,2172.2,6350.0,3000,11522.2,"https://www.hemnet.se/bostad/lagenhet-1rum-beckomberga-stockholms-kommun-follingbogatan-22,-accepterat-pris-18448715"
151,Cronhielms allé 33,"Ulriksdal, Solna kommun",2250000,1.0,32.0,Nej,Ja,?,False,,BRF Slottsportalen,1904,5064,70313,2630.8,5900.0,3000,11530.8,https://www.hemnet.se/bostad/lagenhet-1rum-ulriksdal-solna-kommun-cronhielms-alle-33-19066983
121,"Kärrtorpsvägen 34, 11tr","Kärrtorp, Stockholms kommun",1995000,1.0,26.0,Ja,Nej,"11 av 11, hiss finns",True,,BRF Landsort 2 Kärrtorp,1696,4314,76731,2334.2,6200.0,3000,11534.2,"https://www.hemnet.se/bostad/lagenhet-1rum-karrtorp-stockholms-kommun-karrtorpsvagen-34,-11tr-19066768"
18,Fågelkärrsvägen 2C,"Enskede - Gamla Enskede, Stockholms kommun",2250000,1.0,31.0,Nej,Ja,"1 av 4, hiss finns ej",False,,BF Nya Hemmet nr 3 u.p.a.,1742,4200,72581,2598.4,5950.0,3000,11548.4,https://www.hemnet.se/bostad/lagenhet-1rum-enskede-gamla-enskede-stockholms-kommun-fagelkarrsvagen-2c-18740998
175,Alviksvägen 27,"Alvik, Stockholms kommun",1995000,1.0,24.0,Nej,Ja,?,False,,BRF Schaktmästaren 16,1434,3600,83125,2281.8,6300.0,3000,11581.8,https://www.hemnet.se/bostad/lagenhet-1rum-alvik-stockholms-kommun-alviksvagen-27-19018710
150,"Brotorpsvägen 4, 3 tr","Järvastaden, Solna kommun",2195000,1.0,30.0,Ja,Nej,"3 av 5, hiss finns",True,,BRF Stensötan i Järvastaden,1977,4500,73167,2590.4,6000.0,3000,11590.4,"https://www.hemnet.se/bostad/lagenhet-1rum-jarvastaden-solna-kommun-brotorpsvagen-4,-3-tr-19037335"
162,Ulvsundavägen 1,"Bromma, Stockholms kommun",2295000,1.0,31.0,Ja,Nej,"2, hiss finns ej",False,,BRF Brommas Entré,1890,-1,74032,2673.0,5950.0,3000,11623.0,https://www.hemnet.se/bostad/lagenhet-1rum-bromma-stockholms-kommun-ulvsundavagen-1-18649361
105,"Tulegatan 27A, 2 tr","Centrala Sundbyberg, Sundbybergs kommun",2095000,1.0,26.0,Ja,Nej,"2 av 5, hiss finns",True,,BRF Hejaren 3,1703,-1,80577,2435.6,6200.0,3000,11635.6,"https://www.hemnet.se/bostad/lagenhet-1rum-centrala-sundbyberg-sundbybergs-kommun-tulegatan-27a,-2-tr-19038485"
195,Vidängsvägen 16 - Accepterat pris,"Traneberg, Stockholms kommun",2350000,1.0,34.8,Nej,Ja,"1 av 3, hiss finns ej",False,,BRF Vidängsvägen 16,2710,6960,67529,2892.0,5760.0,3000,11652.0,https://www.hemnet.se/bostad/lagenhet-1rum-traneberg-stockholms-kommun-vidangsvagen-16-accepterat-pris-18990055
90,Mariagatan 4A ,"Centrala Sundbyberg, Sundbybergs kommun",2395000,1.0,32.5,Ja,Nej,"1, hiss finns ej",False,,BRF Olofsborg,1921,3720,73692,2779.2,5875.0,3000,11654.2,https://www.hemnet.se/bostad/lagenhet-1rum-centrala-sundbyberg-sundbybergs-kommun-mariagatan-4a-18712818
153,Sylvangatan 15,"Haga Norra, Solna kommun",2395000,1.0,30.0,Nej,Ja,"1 av 7, hiss finns",True,,BRF Haga Norra 6A,1986,-1,79833,2792.2,6000.0,3000,11792.2,https://www.hemnet.se/bostad/lagenhet-1rum-haga-norra-solna-kommun-sylvangatan-15-19063015
50,Hallonbergsplan 12,Sundbybergs kommun,2100000,1.0,40.5,Nej,Nej,"5 av 6, hiss finns",True,,BRF Kompassen 1,1633,-1,51852,2426.6,5475.0,4000,11901.6,https://www.hemnet.se/bostad/lagenhet-1rum-sundbybergs-kommun-hallonbergsplan-12-18940275
215,Stamgårdsparken 4,"Sundbyberg - Lilla Alby, Sundbybergs kommun",1750000,1.0,39.0,Nej,Nej,2 av 3,False,,BRF Växthuset 10,3130,-1,44872,2376.0,5550.0,4000,11926.0,https://www.hemnet.se/bostad/lagenhet-1rum-sundbyberg-lilla-alby-sundbybergs-kommun-stamgardsparken-4-19098719
168,Infanterigatan 5,"Huvudsta, Solna kommun",2195000,1.0,44.5,Nej,Nej,?,False,,HSB BRF Pampas i Solna,2337,4320,49326,2662.4,5275.0,4000,11937.4,https://www.hemnet.se/bostad/lagenhet-1rum-huvudsta-solna-kommun-infanterigatan-5-19091275
169,Huvudstagatan 1B,"Solna Centrum, Solna kommun",1995000,1.0,41.0,Nej,Nej,?,False,,BRF Torget i Solna,2646,6000,48659,2524.2,5450.0,4000,11974.2,https://www.hemnet.se/bostad/lagenhet-1rum-solna-centrum-solna-kommun-huvudstagatan-1b-19095878
180,"Rundkyrkoallén 28E, ***ACCEPTERAT PRIS***",Stockholms kommun,2300000,1.0,19.0,Nej,Ja,?,False,,BRF Brommabyn,1141,-1,121053,2528.2,6550.0,3000,12078.2,"https://www.hemnet.se/bostad/lagenhet-1rum-stockholms-kommun-rundkyrkoallen-28e,-accepterat-pris-18431476"
132,Oppundavägen 6,"Svedmyra, Stockholms kommun",1950000,1.0,35.0,Nej,Nej,"1 av 3, hiss finns ej",False,,BRF Råmärket 3,1926,-1,55714,2335.2,5750.0,4000,12085.2,https://www.hemnet.se/bostad/lagenhet-1rum-svedmyra-stockholms-kommun-oppundavagen-6-19096880
70,Klippgatan 2,"Solna Centrum, Solna kommun",1895000,1.0,29.0,Nej,Nej,?,False,,BRF Klippan 5,1143,3149,65345,2123.6,6050.0,4000,12173.6,https://www.hemnet.se/bostad/lagenhet-1rum-solna-centrum-solna-kommun-klippgatan-2-18922105
106,Svalgränd 4,"Centrala Sundbyberg, Sundbybergs kommun",1475000,1.0,20.0,Nej,Nej,"2, hiss finns",True,,BRF Stataren 11,1081,3480,73750,1691.2,6500.0,4000,12191.2,https://www.hemnet.se/bostad/lagenhet-1rum-centrala-sundbyberg-sundbybergs-kommun-svalgrand-4-19037479
122,Tidaholmsvägen 32,"Hammarbyhöjden, Stockholms kommun",1850000,1.0,32.0,Nej,Nej,"1 av 3, hiss finns ej",False,,BRF Professorn 2,2300,-1,57813,2310.0,5900.0,4000,12210.0,https://www.hemnet.se/bostad/lagenhet-1rum-hammarbyhojden-stockholms-kommun-tidaholmsvagen-32-19066180
160,Sturegatan 45,"Centrala Sundbyberg, Sundbybergs kommun",1995000,1.0,32.5,Nej,Nej,"4, hiss finns",True,,HSB BRF Spiken nr 654 i Sundbyberg,1708,6132,61385,2336.6,5875.0,4000,12211.6,https://www.hemnet.se/bostad/lagenhet-1rum-centrala-sundbyberg-sundbybergs-kommun-sturegatan-45-19073116
34,Rusthållarvägen 123,"Bagarmossen, Stockholms kommun",1995000,1.0,38.0,Nej,Nej,"1 av 3, hiss finns ej",False,,BRF Gästfriheten,3139,5500,52500,2622.8,5600.0,4000,12222.8,https://www.hemnet.se/bostad/lagenhet-1rum-bagarmossen-stockholms-kommun-rusthallarvagen-123-19009477
28,Palmfeltsvägen 49,"Enskede Gård, Stockholms kommun",2485000,1.0,45.0,Nej,Nej,"2 av 3, hiss finns ej",False,,BRF Visthusvägen 3,2517,2477,55222,2988.4,5250.0,4000,12238.4,https://www.hemnet.se/bostad/lagenhet-1rum-enskede-gard-stockholms-kommun-palmfeltsvagen-49-18799236
138,Hasselstigen 6,"Solna, Solna kommun",2495000,1.0,43.0,Nej,Nej,?,False,,BRF Tallen 2000,2003,-1,58023,2895.6,5350.0,4000,12245.6,https://www.hemnet.se/bostad/lagenhet-1rum-solna-solna-kommun-hasselstigen-6-19050815
194,Björketorpsvägen 13,"Norra Ängby Björketorp, Stockholms kommun",1800000,1.0,28.0,Nej,Nej,"2 av 5, hiss finns",True,,BRF Långskeppet,1850,3600,64286,2170.0,6100.0,4000,12270.0,https://www.hemnet.se/bostad/lagenhet-1rum-norra-angby-bjorketorp-stockholms-kommun-bjorketorpsvagen-13-18922335
135,Knektvägen 15,"Enskede \ Gubbängen, Stockholms kommun",1895000,1.0,28.5,Nej,Nej,"1 av 6, hiss finns",True,,BRF Stockholmshus nr 11,1754,4531,66491,2245.8,6075.0,4000,12320.8,https://www.hemnet.se/bostad/lagenhet-1rum-enskede-gubbangen-stockholms-kommun-knektvagen-15-18924855
9,Follingbogatan 18,"Bromma - Beckomberga, Stockholms kommun",1470000,1.0,23.5,Nej,Nej,?,False,,Riksbyggen BRF Klockhuset i Beckomberga,2636,-1,62553,1997.2,6325.0,4000,12322.2,https://www.hemnet.se/bostad/lagenhet-1rum-bromma-beckomberga-stockholms-kommun-follingbogatan-18-19095138
191,Bällstavägen 201,"Bromma Kyrka, Stockholms kommun",1800000,1.0,27.0,Nej,Nej,"1 av 3, hiss finns ej",False,,BRF Julottan 3,1926,-1,66667,2185.2,6150.0,4000,12335.2,https://www.hemnet.se/bostad/lagenhet-1rum-bromma-kyrka-stockholms-kommun-ballstavagen-201-18556395
198,Elias lönnrots väg 11D,Stockholms kommun,2195000,1.0,36.0,Nej,Nej,?,False,,BRF Tavasten 1,2430,4392,60972,2681.0,5700.0,4000,12381.0,https://www.hemnet.se/bostad/lagenhet-1rum-stockholms-kommun-elias-lonnrots-vag-11d-18994951
10,Barrstigen 24,"Bromma - Ulvsunda, Stockholms kommun",1995000,1.0,26.0,Nej,Nej,"1, hiss finns ej",False,,BRF Lillsjönäs 2228,932,4200,76731,2181.4,6200.0,4000,12381.4,https://www.hemnet.se/bostad/lagenhet-1rum-bromma-ulvsunda-stockholms-kommun-barrstigen-24-19095219
63,Kavaljersbacken 6B,"Ör, Sundbybergs kommun",1795000,1.0,22.0,Nej,Nej,?,False,,BRF Kavaljersbacken,1017,-1,81591,1998.4,6400.0,4000,12398.4,https://www.hemnet.se/bostad/lagenhet-1rum-or-sundbybergs-kommun-kavaljersbacken-6b-18712433
228,Galonvägen 26,"Bromma-Riksby, Stockholms kommun",1495000,1.0,15.0,Nej,Nej,2 av 3,False,,BRF Norrby,782,-1,99667,1651.4,6750.0,4000,12401.4,https://www.hemnet.se/bostad/lagenhet-1rum-bromma-riksby-stockholms-kommun-galonvagen-26-19046976
39,"Frimärksvägen 5, vån 1","Enskede, Stockholms kommun",1950000,1.0,32.0,Nej,Nej,"1, hiss finns",True,,BRF Brevlådan 2,2781,-1,60938,2506.2,5900.0,4000,12406.2,"https://www.hemnet.se/bostad/lagenhet-1rum-enskede-stockholms-kommun-frimarksvagen-5,-van-1-19062098"
66,"Fyrgränd 4, vån 3","Haga Norra, Solna kommun",1900000,1.0,23.0,Nej,Nej,"3 av 5, hiss finns",True,,BRF NORDAN 10,882,3256,82609,2076.4,6350.0,4000,12426.4,"https://www.hemnet.se/bostad/lagenhet-1rum-haga-norra-solna-kommun-fyrgrand-4,-van-3-18436600"
55,"Råsundavägen 64, 3,5tr","Råsunda/Vasalund, Solna kommun",1795000,1.0,22.0,Nej,Nej,"3 av 5, hiss finns",True,,BRF Kärven,1168,3149,81591,2028.6,6400.0,4000,12428.6,"https://www.hemnet.se/bostad/lagenhet-1rum-rasunda-vasalund-solna-kommun-rasundavagen-64,-3,5tr-18964077"
72,"Karolinagatan 1, vån 2","Gamla Huvudsta, Solna kommun",1695000,1.0,19.0,Nej,Nej,"2 av 3, hiss finns ej",False,,BRF Stenbrottet 1,921,-1,89211,1879.2,6550.0,4000,12429.2,"https://www.hemnet.se/bostad/lagenhet-1rum-gamla-huvudsta-solna-kommun-karolinagatan-1,-van-2-18521397"
107,Trädgårdsgatan 23,"Centrala Sundbyberg/Lilla Alby, Sundbybergs kommun",1995000,1.0,27.0,Nej,Nej,"1 av 8, hiss finns",True,,BRF Sjöboden,1429,-1,73889,2280.8,6150.0,4000,12430.8,https://www.hemnet.se/bostad/lagenhet-1rum-centrala-sundbyberg-lilla-alby-sundbybergs-kommun-tradgardsgatan-23-19039623
29,Täppgränd 5,"Gamla Enskede, Stockholms kommun",2095000,1.0,27.0,Nej,Nej,?,False,,BRF Dalen 10,1001,-1,77593,2295.2,6150.0,4000,12445.2,https://www.hemnet.se/bostad/lagenhet-1rum-gamla-enskede-stockholms-kommun-tappgrand-5-19018432
165,Centralvägen 15,"Solna, Solna kommun",1695000,1.0,19.0,Nej,Nej,"4 av 6, hiss finns",True,,BRF Diamanten i Solna,1068,-1,89211,1908.6,6550.0,4000,12458.6,https://www.hemnet.se/bostad/lagenhet-1rum-solna-solna-kommun-centralvagen-15-19094637
5,Trädgårdsgatan 20B,Sundbybergs kommun,2100000,1.0,32.0,Nej,Nej,"1 av 4, hiss finns ej",False,,BRF Klippan 23,2322,-1,65625,2564.4,5900.0,4000,12464.4,https://www.hemnet.se/bostad/lagenhet-1rum-sundbybergs-kommun-tradgardsgatan-20b-19041398
97,Infanterigatan 9,"Huvudsta, Solna kommun",1580000,1.0,17.0,Nej,Nej,?,False,,HSB BRF Pampas i Solna,1174,-1,92941,1814.8,6650.0,4000,12464.8,https://www.hemnet.se/bostad/lagenhet-1rum-huvudsta-solna-kommun-infanterigatan-9-19019097
139,"Skönviksvägen 329, 2 tr","Stureby - Enskede, Stockholms kommun",1625000,1.0,19.0,Nej,Nej,"2 av 3, hiss finns ej",False,,HSB BRF Stureby i Stockholm,1457,-1,85526,1916.4,6550.0,4000,12466.4,"https://www.hemnet.se/bostad/lagenhet-1rum-stureby-enskede-stockholms-kommun-skonviksvagen-329,-2-tr-19058356"
80,Bangatan 17,"Huvudsta, Solna kommun",2300000,1.0,33.0,Nej,Nej,2 av 4,False,,BRF Puman 5,1587,2200,69697,2617.4,5850.0,4000,12467.4,https://www.hemnet.se/bostad/lagenhet-1rum-huvudsta-solna-kommun-bangatan-17-18594735
129,Rusthållarvägen 189,"Bagarmossen, Stockholms kommun",1795000,1.0,26.0,Nej,Nej,"2 av 3, hiss finns ej",False,,BRF Sanningen,2427,4200,69038,2280.4,6200.0,4000,12480.4,https://www.hemnet.se/bostad/lagenhet-1rum-bagarmossen-stockholms-kommun-rusthallarvagen-189-19094918
186,"Follingbogatan 18, **Accepterat pris**","Beckomberga, Stockholms kommun",1595000,1.0,22.5,Nej,Nej,"2 av 4, hiss finns",True,,Riksbyggen BRF Klockhuset i Beckomberga,2587,1750,70889,2112.4,6375.0,4000,12487.4,"https://www.hemnet.se/bostad/lagenhet-1rum-beckomberga-stockholms-kommun-follingbogatan-18,-accepterat-pris-18821996"
74,Centralvägen 11,"Solna Centrum, Solna kommun",1800000,1.0,20.0,Nej,Nej,?,False,,BRF Diamanten i Solna,958,4620,90000,1991.6,6500.0,4000,12491.6,https://www.hemnet.se/bostad/lagenhet-1rum-solna-centrum-solna-kommun-centralvagen-11-18366276
38,Kolbäcksgränd 29 Accepterat pris !,"Bagarmossen, Stockholms kommun",1900000,1.0,26.0,Nej,Nej,"2 av 3, hiss finns ej",False,,Riksbyggen BRF Friheten,2121,-1,73077,2324.2,6200.0,4000,12524.2,https://www.hemnet.se/bostad/lagenhet-1rum-bagarmossen-stockholms-kommun-kolbacksgrand-29-accepterat-pris-19022748
111,Fogdevreten 14,"Karolinska, Solna kommun",2295000,1.0,34.0,Nej,Nej,"2 av 5, hiss finns",True,,BRF Tomteboda 1 i Solna,2149,3900,67500,2724.8,5800.0,4000,12524.8,https://www.hemnet.se/bostad/lagenhet-1rum-karolinska-solna-kommun-fogdevreten-14-19039937
69,Brunnsgatan 2 B,"Centrala Sundbyberg, Sundbybergs kommun",1995000,1.0,24.0,Nej,Nej,2 av 3,False,,BRF Brunnsgatan 2,1209,10028,83125,2236.8,6300.0,4000,12536.8,https://www.hemnet.se/bostad/lagenhet-1rum-centrala-sundbyberg-sundbybergs-kommun-brunnsgatan-2-b-18516735
57,Vasavägen 31,"Råsunda - Vasalund, Solna kommun",2450000,1.0,36.0,Nej,Nej,"1 av 3, hiss finns ej",False,,BRF Framnäs 2,2088,-1,68056,2867.6,5700.0,4000,12567.6,https://www.hemnet.se/bostad/lagenhet-1rum-rasunda-vasalund-solna-kommun-vasavagen-31-18746204
37,Uppfartsvägen 2,"Gamla Råsunda, Solna kommun",2295000,1.0,34.0,Nej,Nej,?,False,,BRF Uppfarten 2,2377,-1,67500,2770.4,5800.0,4000,12570.4,https://www.hemnet.se/bostad/lagenhet-1rum-gamla-rasunda-solna-kommun-uppfartsvagen-2-18966139
125,Skönviksvägen 299,"Stureby/Enskede, Stockholms kommun",1895000,1.0,23.0,Nej,Nej,"1 av 3, hiss finns ej",False,,HSB BRF Stureby i Stockholm,1721,3600,82391,2239.2,6350.0,4000,12589.2,https://www.hemnet.se/bostad/lagenhet-1rum-stureby-enskede-stockholms-kommun-skonviksvagen-299-19073378
234,Mariehällsvägen,"Mariehäll, Stockholms kommun",1995000,1.0,26.0,Nej,Nej,?,False,,BRF Nivå i Mariehäll,2162,-1,76731,2427.4,6200.0,4000,12627.4,https://www.hemnet.se/bostad/lagenhet-1rum-mariehall-stockholms-kommun-mariehallsvagen-18584577
82,Mariagatan 10,"Centrala Sundbyberg, Sundbybergs kommun",2295000,1.0,31.0,Nej,Nej,"2 av 4, hiss finns",True,,BRF Mariahöjden,1971,-1,74032,2689.2,5950.0,4000,12639.2,https://www.hemnet.se/bostad/lagenhet-1rum-centrala-sundbyberg-sundbybergs-kommun-mariagatan-10-18994200
22,Skönviksvägen 321,"Stureby, Stockholms kommun",1895000,1.0,20.0,Nej,Nej,"1 av 3, hiss finns ej",False,,HSB BRF Stureby i Stockholm,1377,2400,94750,2170.4,6500.0,4000,12670.4,https://www.hemnet.se/bostad/lagenhet-1rum-stureby-stockholms-kommun-skonviksvagen-321-18878861
52,"Olof Af Acrels Väg 3, 5tr, Accepterat pris!","Hagastaden/Karolinska, Solna kommun",2100000,1.0,26.0,Nej,Nej,"5 av 6, hiss finns",True,,BRF Haga 4:37,2078,1149,80769,2515.6,6200.0,4000,12715.6,"https://www.hemnet.se/bostad/lagenhet-1rum-hagastaden-karolinska-solna-kommun-olof-af-acrels-vag-3,-5tr,-accepterat-pris-18935900"
94,"Råsundavägen 162, 4tr","Råsunda, Solna kommun",1800000,1.0,17.0,Nej,Nej,"4, hiss finns",True,,HSB BRF Klinten i Solna,1426,3600,105882,2085.2,6650.0,4000,12735.2,"https://www.hemnet.se/bostad/lagenhet-1rum-rasunda-solna-kommun-rasundavagen-162,-4tr-18687614"
56,Trädgårdsgatan 3 - ACCEPTERAT PRIS,"Lilla Alby, Sundbybergs kommun",2100000,1.0,24.0,Nej,Nej,"2 av 3, hiss finns ej",False,,BRF Växthuset 3,1678,-1,87500,2435.6,6300.0,4000,12735.6,https://www.hemnet.se/bostad/lagenhet-1rum-lilla-alby-sundbybergs-kommun-tradgardsgatan-3-accepterat-pris-18976876
54,Friluftsvägen 5a Accepterat Pris,"Centrala Sundbyberg, Sundbybergs kommun",2000000,1.0,20.0,Nej,Nej,"2, hiss finns ej",False,,BRF Sparven 10,1314,-1,100000,2262.8,6500.0,4000,12762.8,https://www.hemnet.se/bostad/lagenhet-1rum-centrala-sundbyberg-sundbybergs-kommun-friluftsvagen-5a-accepterat-pris-18453531
41,Vintervägen 28,"Gamla Råsunda, Solna kommun",2450000,1.0,30.0,Nej,Nej,"1, hiss finns ej",False,,BRF Almen 10,1597,8460,81667,2769.4,6000.0,4000,12769.4,https://www.hemnet.se/bostad/lagenhet-1rum-gamla-rasunda-solna-kommun-vintervagen-28-18966659
59,Vasagatan 17 A-D,"Centrala Sundbyberg, Sundbybergs kommun",1900000,1.0,19.0,Nej,Nej,"4, hiss finns",True,,BRF T2 Fabriksp,1771,-1,100000,2254.2,6550.0,4000,12804.2,https://www.hemnet.se/bostad/lagenhet-1rum-centrala-sundbyberg-sundbybergs-kommun-vasagatan-17-a-d-18770949
45,"Forsskålsgatan 16 , Accepterat pris",Stockholms kommun,2000000,1.0,20.0,Nej,Nej,"2 av 3, hiss finns ej",False,,BRF Forsskaolea,1857,-1,100000,2371.4,6500.0,4000,12871.4,"https://www.hemnet.se/bostad/lagenhet-1rum-stockholms-kommun-forsskalsgatan-16-,-accepterat-pris-18439239"
49,"Triolen, Lidköpingsvägen 2-6, 3:0801","Hammarbyhöjden, Stockholms kommun",2400000,1.0,20.5,Nej,Nej,?,False,,BRF Triolen,1351,4968,117073,2670.2,6475.0,4000,13145.2,"https://www.hemnet.se/bostad/lagenhet-1rum-hammarbyhojden-stockholms-kommun-triolen,-lidkopingsvagen-2-6,-3-0801-18851819"
